step,loss
0,0.5712928
100,0.59880555
200,0.5106944
300,0.58237535
400,0.56327933
500,0.541117
600,0.5234425
700,0.47362277
800,0.52330506
900,0.5666601
